<application>
  <component name="FileTypeManager" version="17">
    <extensionMap>
      <mapping pattern="dataFile" type="PLAIN_TEXT" />
      <mapping pattern="failShopIds" type="PLAIN_TEXT" />
      <mapping pattern=".ideavimrc" type="PLAIN_TEXT" />
      <mapping pattern="shopCidAuthResult" type="PLAIN_TEXT" />
      <mapping pattern="shopids" type="PLAIN_TEXT" />
      <mapping pattern="aa" type="PLAIN_TEXT" />
      <mapping ext="example" type="PLAIN_TEXT" />
      <mapping ext="clean_cid" type="PLAIN_TEXT" />
      <mapping ext="ini" type="PLAIN_TEXT" />
    </extensionMap>
  </component>
</application>